--dev--,-,-,109
devesh1234,-,int - ll,19
Dhairya_Shah,int - ll,ll - int,1
diaoyf,-,float - long double,1
direks,-,chaned condo of for loop removed iso base,1
Divi_09,-,logic + int - ll,3
divya.gupta,-,- wrong understanding of constarints,3
dknguyen176,-,small logic + int -ll,4
Domeanor,-,small logic + removed iso,1
doublebit,-,logic + vector - array,1
DouglasConnor,-,,
dristiron3,-,Total,143
Dsxv,-,,
Dx18,int - ll,,
DXLoc,int - ll,,
DXTsT,int - ll,,
dylanrhodes,ll - int,,
ecasdqina,int - ll,,
ecjtu-17-TY,-,,
eddyboy,-,,
eehab_arb,-,,
Ehab_Fawzy,-,,
el.duivel,-,,
electrostrike,-,,
Elluran,-,,
Embiid_LA,-,,
Emperor,float - long double,,
Engineer124,int - ll,,
Entropy___,int - ll,,
ET_BUBBLE,-,,
FatalDestiny,-,,
fffeelipe,chaned condo of for loop removed iso base,, - wrong understanding of constraints
fif2205,-,,
firevolt,-,,
Fire_and_Ice,-,,
fish_toucher,int - ll,,
FiveJson,logic + int - ll,,
fresco_ferdini,-,,
garyparrot,int - ll,,
Gh0stMan,-,,
gihewapos,-,,
GKA,-,,
GlassHeart,-,,
gogagum,-,,
goku98,-,,
golu20174024,-,,
GoWind,int - ll,,
gp131415,-,,
Grafiore,int - ll,,
Green_Grass,-,,
GuptaGaurang,-,,
halfman,-,,
handle_taken,- wrong understanding of constarints,,
haomie,-,,
haoran937,-,,
HappyBaken2019,int - ll,,
hardik8464,- wrong understanding of constarints,,
harshlunagaria,-,,
hav0k,-,,
heart,-,,
HectorBarbossa,-,,
heujlc2,-,,
Hewla,-,,
himanshu8,-,,
HipHop,-,,
Hiro_Hamada2,-,,
Hi_Puppy,-,,
hm.sayem,small logic + int -ll,,
hoangkings100,-,,
honk,-,,
hossain95,-,,
hqwertyh,-,,
huahua,-,,
huangda,-,,
huhst-yuanxinyong,-,,
hzbfxac,-,,
hznu_kk,-,,
h_cheung,-,,
IbraJAN,-,,
ICEY777,-,,
IDDFS,-,,
Ignatos,-,,
ilbro,small logic + int -ll,,
Ilya-bar,small logic + removed iso,,
imhemant,-,,
incognito_,int - ll,,
inficreator,-,,
InfiniteJest,logic + int - ll,,
invi12,-,,
ioigod289,-,,
IsaacMoris,-,,
Isalix,int - ll,,
ish_codes,small logic + int -ll,,
Istil,-,,
ItsNikolor,int - ll,,
IvanJanjicCF,-,,
I_HATE_JAVA,-,,
I_wanna_be_number_one,-,,
J2Pasuing,-,,
jaaguptamme,-,,
Jackylkk2003,-,,
Jaian_The_Slayer,-,,
jain.paras1810,-,,
jainbishay,-,,
jan_123,-,,
Jan_,-,,
Jasmit63,-,,
jenya261995,-,,
jhots,-,,
Jiangfengyuhuo,-,,
Jiew,-,,
jindalanisha,-,,
jinli_,int - ll,,
Jinx.Jinx.again,-,,
John46,-,,
jongheon,-,,
joydip007x,-,,
JustasLe,-,,
just_hands13,-,,
jyf111,-,,
jyhuang,-,,
k5888200,-,,
Kaga,-,,
kaihr,small logic + int -ll,,
kansal_strange,logic + vector - array,,
karan1808,-,,
kartikstud,int - ll,,
KasuganoSora6,logic + int - ll,,
katalonecfly,-,,
Kayoxity,- wrong understanding of constarints,,
kazak,-,,
kellyS,-,,
khaled97ha,-,,
khalil2AB,-,,
Kianaz.A,-,,
KiDdDdD,-,,
kikoawesome,-,,
kiliet,-,,
KingOfQQ,int - ll,,
kinhosz,-,,
KirillBaskakov,int - ll,,
KirillGrinevich,-,,
kishan2101999,-,,
